<c3p0-config>
    <default-config>
        <property name="maxConnectionAge">43200</property>
        <property name="maxIdleTime">240</property>
        <property name="maxPoolSize">50</property>
    </default-config>
    <named-config name="aurora-test">
        <property name="driverClass">org.h2.Driver</property>
        <property name="jdbcUrl">jdbc:h2:mem:~/test?rewriteBatchedStatements=true;MODE=MYSQL</property>
        <property name="user">sa</property>
        <property name="password"></property>
    </named-config>
    <named-config name="aurora">
        <property name="driverClass">com.mysql.cj.jdbc.Driver</property>
        <property name="jdbcUrl">jdbc:mysql://development-aurora-mentor.chuta4vgfbpi.us-west-2.rds.amazonaws.com/telematics?rewriteBatchedStatements=true</property>
        <property name="user">devauroramaster</property>
        <property name="password">qd52ZcMXPMPR2mBwYHT4g99RhGj9WzNFD7mzsvrSR</property>
    </named-config>

    my own database
    <named-config name="test">
        <property name="driverClass">com.mysql.cj.jdbc.Driver</property>
        <property name="jdbcUrl">jdbc:mysql://localhost:3306/wrm?rewriteBatchedStatements=true</property>
        <property name="user">root</property>
        <property name="password">amish</property>
    </named-config>


</c3p0-config>
