<c3p0-config>
    <default-config>
        <property name="maxConnectionAge">43200</property>
        <property name="maxIdleTime">240</property>
        <property name="maxPoolSize">50</property>
    </default-config>
    my own database
    <named-config name="test">
        <property name="driverClass">com.mysql.cj.jdbc.Driver</property>
        <property name="jdbcUrl">jdbc:mysql://localhost:3306/wrm?rewriteBatchedStatements=true</property>
        <property name="user">root</property>
        <property name="password">amish</property>
    </named-config>


</c3p0-config>
